Resistor_Name,Start_X,Start_Y,Start_Z,End_X,End_Y,End_Z,Value,Unit
A26GateLine_0_1,0.13500186229069672,0.23199999999999998,0.006262905396533611,0.13500537274547172,0.05300034670376864,-0.05624983320652263,652.8697841047547,Ohm
A26GateLine_0_2,0.13500186229069672,0.23199999999999998,0.006262905396533611,0.13500612936212894,0.07100041154293071,-0.05624958119481451,173.97828017816244,Ohm
A26GateLine_0_3,0.13500186229069672,0.23199999999999998,0.006262905396533611,0.13500583701870894,0.01700063419117365,-0.05625092926957593,1038.0557759952508,Ohm
A26GateLine_0_4,0.13500186229069672,0.23199999999999998,0.006262905396533611,0.13500537274547167,0.034999371063953816,-0.05625031733627433,1011.1344424542477,Ohm
A26GateLine_0_5,0.13500186229069672,0.23199999999999998,0.006262905396533611,0.1350054659325343,0.19200034530912138,-0.05625087662520465,10.971875379577174,Ohm
A26GateLine_0_6,0.13500186229069672,0.23199999999999998,0.006262905396533611,0.1350053184073717,0.13799972482141856,-0.05625004852538629,67.18673670626427,Ohm
A26GateLine_0_7,0.13500186229069672,0.23199999999999998,0.006262905396533611,0.1350053727454717,0.15600010574577097,-0.056250516641631956,64.49852705864475,Ohm
A26GateLine_0_8,0.13500186229069672,0.23199999999999998,0.006262905396533611,0.13500539693886493,0.1739998020073181,-0.056250106731587285,39.30143010641283,Ohm
A26GateLine_1_2,0.13500537274547172,0.05300034670376864,-0.05624983320652263,0.13500612936212894,0.07100041154293071,-0.05624958119481451,1.177099717734833,Ohm
A26GateLine_1_3,0.13500537274547172,0.05300034670376864,-0.05624983320652263,0.13500583701870894,0.01700063419117365,-0.05625092926957593,20.093138809196393,Ohm
A26GateLine_1_4,0.13500537274547172,0.05300034670376864,-0.05624983320652263,0.13500537274547167,0.034999371063953816,-0.05625031733627433,1.214153227804296,Ohm
A26GateLine_1_5,0.13500537274547172,0.05300034670376864,-0.05624983320652263,0.1350054659325343,0.19200034530912138,-0.05625087662520465,495.2741977577099,Ohm
A26GateLine_1_6,0.13500537274547172,0.05300034670376864,-0.05624983320652263,0.1350053184073717,0.13799972482141856,-0.05625004852538629,52.3707302205539,Ohm
A26GateLine_1_7,0.13500537274547172,0.05300034670376864,-0.05624983320652263,0.1350053727454717,0.15600010574577097,-0.056250516641631956,260.20811308304627,Ohm
A26GateLine_1_8,0.13500537274547172,0.05300034670376864,-0.05624983320652263,0.13500539693886493,0.1739998020073181,-0.056250106731587285,467.19540994421135,Ohm
A26GateLine_2_3,0.13500612936212894,0.07100041154293071,-0.05624958119481451,0.13500583701870894,0.01700063419117365,-0.05625092926957593,35.914037179608805,Ohm
A26GateLine_2_4,0.13500612936212894,0.07100041154293071,-0.05624958119481451,0.13500537274547167,0.034999371063953816,-0.05625031733627433,20.76613866599128,Ohm
A26GateLine_2_5,0.13500612936212894,0.07100041154293071,-0.05624958119481451,0.1350054659325343,0.19200034530912138,-0.05625087662520465,129.7282241348671,Ohm
A26GateLine_2_6,0.13500612936212894,0.07100041154293071,-0.05624958119481451,0.1350053184073717,0.13799972482141856,-0.05625004852538629,6.225425112248607,Ohm
A26GateLine_2_7,0.13500612936212894,0.07100041154293071,-0.05624958119481451,0.1350053727454717,0.15600010574577097,-0.056250516641631956,54.59696588245774,Ohm
A26GateLine_2_8,0.13500612936212894,0.07100041154293071,-0.05624958119481451,0.13500539693886493,0.1739998020073181,-0.056250106731587285,115.88149969206737,Ohm
A26GateLine_3_4,0.13500583701870894,0.01700063419117365,-0.05625092926957593,0.13500537274547167,0.034999371063953816,-0.05625031733627433,1.162939394132726,Ohm
A26GateLine_3_5,0.13500583701870894,0.01700063419117365,-0.05625092926957593,0.1350054659325343,0.19200034530912138,-0.05625087662520465,791.0374650031638,Ohm
A26GateLine_3_6,0.13500583701870894,0.01700063419117365,-0.05625092926957593,0.1350053184073717,0.13799972482141856,-0.05625004852538629,109.48478846322251,Ohm
A26GateLine_3_7,0.13500583701870894,0.01700063419117365,-0.05625092926957593,0.1350053727454717,0.15600010574577097,-0.056250516641631956,439.73667635756,Ohm
A26GateLine_3_8,0.13500583701870894,0.01700063419117365,-0.05625092926957593,0.13500539693886493,0.1739998020073181,-0.056250106731587285,756.2396955536374,Ohm
A26GateLine_4_5,0.13500537274547167,0.034999371063953816,-0.05625031733627433,0.1350054659325343,0.19200034530912138,-0.05625087662520465,769.7203228270806,Ohm
A26GateLine_4_6,0.13500537274547167,0.034999371063953816,-0.05625031733627433,0.1350053184073717,0.13799972482141856,-0.05625004852538629,100.49708493685193,Ohm
A26GateLine_4_7,0.13500537274547167,0.034999371063953816,-0.05625031733627433,0.1350053727454717,0.15600010574577097,-0.056250516641631956,422.8279156644418,Ohm
A26GateLine_4_8,0.13500537274547167,0.034999371063953816,-0.05625031733627433,0.13500539693886493,0.1739998020073181,-0.056250106731587285,733.7231010108145,Ohm
A26GateLine_5_6,0.1350054659325343,0.19200034530912138,-0.05625087662520465,0.1350053184073717,0.13799972482141856,-0.05625004852538629,42.168042842853794,Ohm
A26GateLine_5_7,0.1350054659325343,0.19200034530912138,-0.05625087662520465,0.1350053727454717,0.15600010574577097,-0.056250516641631956,22.056426107425693,Ohm
A26GateLine_5_8,0.1350054659325343,0.19200034530912138,-0.05625087662520465,0.13500539693886493,0.1739998020073181,-0.056250106731587285,1.1738223682347608,Ohm
A26GateLine_6_7,0.1350053184073717,0.13799972482141856,-0.05625004852538629,0.1350053727454717,0.15600010574577097,-0.056250516641631956,1.1834392287578837,Ohm
A26GateLine_6_8,0.1350053184073717,0.13799972482141856,-0.05625004852538629,0.13500539693886493,0.1739998020073181,-0.056250106731587285,22.502139591714254,Ohm
A26GateLine_7_8,0.1350053727454717,0.15600010574577097,-0.056250516641631956,0.13500539693886493,0.1739998020073181,-0.056250106731587285,1.2227492596796186,Ohm
A26Metal0Top0_0_1,0.0225,0.23199999999999998,0.006249999999999999,0.03149999999999999,0.016999999999999987,-0.05625,664.7270909181262,Ohm
A26Metal0Top0_0_2,0.0225,0.23199999999999998,0.006249999999999999,0.031500000000000014,0.07099999999999994,-0.05625,130.17357350219652,Ohm
A26Metal0Top0_0_3,0.0225,0.23199999999999998,0.006249999999999999,0.03150000000000001,0.035,-0.05625000000000002,448.7856352836982,Ohm
A26Metal0Top0_0_4,0.0225,0.23199999999999998,0.006249999999999999,0.03149999999999997,0.05299999999999999,-0.05624949222756171,262.36805525438433,Ohm
A26Metal0Top0_1_2,0.03149999999999999,0.016999999999999987,-0.05625,0.031500000000000014,0.07099999999999994,-0.05625,1388.2930404750423,Ohm
A26Metal0Top0_1_3,0.03149999999999999,0.016999999999999987,-0.05625,0.03150000000000001,0.035,-0.05625000000000002,232.5197212917491,Ohm
A26Metal0Top0_1_4,0.03149999999999999,0.016999999999999987,-0.05625,0.03149999999999997,0.05299999999999999,-0.05624949222756171,657.4363694013051,Ohm
A26Metal0Top0_2_3,0.031500000000000014,0.07099999999999994,-0.05625,0.03150000000000001,0.035,-0.05625000000000002,886.730805419401,Ohm
A26Metal0Top0_2_4,0.031500000000000014,0.07099999999999994,-0.05625,0.03149999999999997,0.05299999999999999,-0.05624949222756171,347.57774032126343,Ohm
A26Metal0Top0_3_4,0.03150000000000001,0.035,-0.05625000000000002,0.03149999999999997,0.05299999999999999,-0.05624949222756171,320.33662603431185,Ohm
A26Metal0Top1_0_1,0.06749999999999999,0.23199999999999996,0.006250000000000007,0.05850000000000003,0.1380000000000001,-0.056250000000000064,3751.0664203240362,Ohm
A26Metal0Top1_0_2,0.06749999999999999,0.23199999999999996,0.006250000000000007,0.058499999999999996,0.1920000000000001,-0.056249999999999994,205.36181586824105,Ohm
A26Metal0Top1_0_3,0.06749999999999999,0.23199999999999996,0.006250000000000007,0.07650000000000001,0.19199999999999995,-0.05625000000000002,199.35318467682055,Ohm
A26Metal0Top1_0_4,0.06749999999999999,0.23199999999999996,0.006250000000000007,0.07650000000000001,0.13799999999999996,-0.05625000000000002,3651.85841398882,Ohm
A26Metal0Top1_0_5,0.06749999999999999,0.23199999999999996,0.006250000000000007,0.05850000000000002,0.15600000000000006,-0.05625000000000001,1629.0296272051091,Ohm
A26Metal0Top1_0_6,0.06749999999999999,0.23199999999999996,0.006250000000000007,0.07650000000000001,0.15600000000000003,-0.05625000000000003,1593.4644171169211,Ohm
A26Metal0Top1_0_7,0.06749999999999999,0.23199999999999996,0.006250000000000007,0.058500000000000045,0.1740000000000001,-0.056249492227561704,619.4404795442479,Ohm
A26Metal0Top1_0_8,0.06749999999999999,0.23199999999999996,0.006250000000000007,0.07649999999999996,0.1740000000000001,-0.0562494922275617,601.37415513963,Ohm
A26Metal0Top1_1_2,0.05850000000000003,0.1380000000000001,-0.056250000000000064,0.058499999999999996,0.1920000000000001,-0.056249999999999994,19578.549627021464,Ohm
A26Metal0Top1_1_3,0.05850000000000003,0.1380000000000001,-0.056250000000000064,0.07650000000000001,0.19199999999999995,-0.05625000000000002,19257.762681550925,Ohm
A26Metal0Top1_1_4,0.05850000000000003,0.1380000000000001,-0.056250000000000064,0.07650000000000001,0.13799999999999996,-0.05625000000000002,387.26045018792746,Ohm
A26Metal0Top1_1_5,0.05850000000000003,0.1380000000000001,-0.056250000000000064,0.05850000000000002,0.15600000000000006,-0.05625000000000001,808.7603840127877,Ohm
A26Metal0Top1_1_6,0.05850000000000003,0.1380000000000001,-0.056250000000000064,0.07650000000000001,0.15600000000000003,-0.05625000000000003,1010.5773765897102,Ohm
A26Metal0Top1_1_7,0.05850000000000003,0.1380000000000001,-0.056250000000000064,0.058500000000000045,0.1740000000000001,-0.056249492227561704,3979.8112014751464,Ohm
A26Metal0Top1_1_8,0.05850000000000003,0.1380000000000001,-0.056250000000000064,0.07649999999999996,0.1740000000000001,-0.0562494922275617,3922.0720043528595,Ohm
A26Metal0Top1_2_3,0.058499999999999996,0.1920000000000001,-0.056249999999999994,0.07650000000000001,0.19199999999999995,-0.05625000000000002,944.3689330277494,Ohm
A26Metal0Top1_2_4,0.058499999999999996,0.1920000000000001,-0.056249999999999994,0.07650000000000001,0.13799999999999996,-0.05625000000000002,19089.183830891085,Ohm
A26Metal0Top1_2_5,0.058499999999999996,0.1920000000000001,-0.056249999999999994,0.05850000000000002,0.15600000000000006,-0.05625000000000001,7096.213792296439,Ohm
A26Metal0Top1_2_6,0.058499999999999996,0.1920000000000001,-0.056249999999999994,0.07650000000000001,0.15600000000000003,-0.05625000000000003,7152.425370129968,Ohm
A26Metal0Top1_2_7,0.058499999999999996,0.1920000000000001,-0.056249999999999994,0.058500000000000045,0.1740000000000001,-0.056249492227561704,1249.3942782280049,Ohm
A26Metal0Top1_2_8,0.058499999999999996,0.1920000000000001,-0.056249999999999994,0.07649999999999996,0.1740000000000001,-0.0562494922275617,1803.5821126696962,Ohm
A26Metal0Top1_3_4,0.07650000000000001,0.19199999999999995,-0.05625000000000002,0.07650000000000001,0.13799999999999996,-0.05625000000000002,18712.942436292622,Ohm
A26Metal0Top1_3_5,0.07650000000000001,0.19199999999999995,-0.05625000000000002,0.05850000000000002,0.15600000000000006,-0.05625000000000001,7182.673758288104,Ohm
A26Metal0Top1_3_6,0.07650000000000001,0.19199999999999995,-0.05625000000000002,0.07650000000000001,0.15600000000000003,-0.05625000000000003,6844.898427720101,Ohm
A26Metal0Top1_3_7,0.07650000000000001,0.19199999999999995,-0.05625000000000002,0.058500000000000045,0.1740000000000001,-0.056249492227561704,1829.129095736597,Ohm
A26Metal0Top1_3_8,0.07650000000000001,0.19199999999999995,-0.05625000000000002,0.07649999999999996,0.1740000000000001,-0.0562494922275617,1186.1383686183858,Ohm
A26Metal0Top1_4_5,0.07650000000000001,0.13799999999999996,-0.05625000000000002,0.05850000000000002,0.15600000000000006,-0.05625000000000001,1006.4900969269147,Ohm
A26Metal0Top1_4_6,0.07650000000000001,0.13799999999999996,-0.05625000000000002,0.07650000000000001,0.15600000000000003,-0.05625000000000003,770.0106871240434,Ohm
A26Metal0Top1_4_7,0.07650000000000001,0.13799999999999996,-0.05625000000000002,0.058500000000000045,0.1740000000000001,-0.056249492227561704,3941.682652162576,Ohm
A26Metal0Top1_4_8,0.07650000000000001,0.13799999999999996,-0.05625000000000002,0.07649999999999996,0.1740000000000001,-0.0562494922275617,3760.2651504987525,Ohm
A26Metal0Top1_5_6,0.05850000000000002,0.15600000000000006,-0.05625000000000001,0.07650000000000001,0.15600000000000003,-0.05625000000000003,563.7717376274393,Ohm
A26Metal0Top1_5_7,0.05850000000000002,0.15600000000000006,-0.05625000000000001,0.058500000000000045,0.1740000000000001,-0.056249492227561704,1002.5093557868863,Ohm
A26Metal0Top1_5_8,0.05850000000000002,0.15600000000000006,-0.05625000000000001,0.07649999999999996,0.1740000000000001,-0.0562494922275617,1323.4425449461226,Ohm
A26Metal0Top1_6_7,0.07650000000000001,0.15600000000000003,-0.05625000000000003,0.058500000000000045,0.1740000000000001,-0.056249492227561704,1336.5692770154508,Ohm
A26Metal0Top1_6_8,0.07650000000000001,0.15600000000000003,-0.05625000000000003,0.07649999999999996,0.1740000000000001,-0.0562494922275617,947.8195673308445,Ohm
A26Metal0Top1_7_8,0.058500000000000045,0.1740000000000001,-0.056249492227561704,0.07649999999999996,0.1740000000000001,-0.0562494922275617,634.3580070142806,Ohm
A26MetalInt_0_1,0.022492646387032595,0.24700000000000005,0.006250000000000001,0.0675,0.24700000000000003,0.006254255563059845,13.730370275429234,Ohm
A26MetalInt_0_2,0.022492646387032595,0.24700000000000005,0.006250000000000001,0.13499999999999998,0.24699999999999997,0.006250000000000003,18719.822409345787,Ohm
A26MetalInt_0_3,0.022492646387032595,0.24700000000000005,0.006250000000000001,0.07800002879215394,0.28400858795827044,0.00625195416781455,3.812132985008469,Ohm
A26MetalInt_1_2,0.0675,0.24700000000000003,0.006254255563059845,0.13499999999999998,0.24699999999999997,0.006250000000000003,40.41122126625258,Ohm
A26MetalInt_1_3,0.0675,0.24700000000000003,0.006254255563059845,0.07800002879215394,0.28400858795827044,0.00625195416781455,2.651827923206228,Ohm
A26MetalInt_2_3,0.13499999999999998,0.24699999999999997,0.006250000000000003,0.07800002879215394,0.28400858795827044,0.00625195416781455,3.644599627288878,Ohm
A26ViaInt0,0.0225,0.23199999999999998,0.006249999999999999,0.022492646387032595,0.24700000000000005,0.006250000000000001,2.1633509022196997,Ohm
A26ViaInt1,0.06749999999999999,0.23199999999999996,0.006250000000000007,0.0675,0.24700000000000003,0.006254255563059845,2.209425431756279,Ohm
A26ViaInt2,0.13500186229069672,0.23199999999999998,0.006262905396533611,0.13499999999999998,0.24699999999999997,0.006250000000000003,2.65034427111338,Ohm
AGateLine_0_1,0.04500116713352008,0.23199999999999998,-0.01873717732405462,0.04500539693886484,0.05300036133638254,-0.0562496004528839,4777.618170610568,Ohm
AGateLine_0_2,0.04500116713352008,0.23199999999999998,-0.01873717732405462,0.04500578246934758,0.07100068308666102,-0.05624946134233979,786.4454020036419,Ohm
AGateLine_0_3,0.04500116713352008,0.23199999999999998,-0.01873717732405462,0.04500583701870872,0.017000723640562786,-0.05625101253673064,16465.495895704065,Ohm
AGateLine_0_4,0.04500116713352008,0.23199999999999998,-0.01873717732405462,0.04500463057312254,0.034999153978360786,-0.056250140517800924,10962.550645322977,Ohm
AGateLine_0_5,0.04500116713352008,0.23199999999999998,-0.01873717732405462,0.045004521896922695,0.13799935952884534,-0.05625026576027957,164.49048255637675,Ohm
AGateLine_0_6,0.04500116713352008,0.23199999999999998,-0.01873717732405462,0.04500620810488321,0.1920003042236025,-0.05625119837104727,7.126932689631231,Ohm
AGateLine_0_7,0.04500116713352008,0.23199999999999998,-0.01873717732405462,0.045003146228424475,0.15599999321309715,-0.05625099983919013,101.37955545548074,Ohm
AGateLine_0_8,0.04500116713352008,0.23199999999999998,-0.01873717732405462,0.045005743831646086,0.17399976673747072,-0.056250282747246236,42.76192240148938,Ohm
AGateLine_1_2,0.04500539693886484,0.05300036133638254,-0.0562496004528839,0.04500578246934758,0.07100068308666102,-0.05624946134233979,1.1720588907651628,Ohm
AGateLine_1_3,0.04500539693886484,0.05300036133638254,-0.0562496004528839,0.04500583701870872,0.017000723640562786,-0.05625101253673064,20.314820107278685,Ohm
AGateLine_1_4,0.04500539693886484,0.05300036133638254,-0.0562496004528839,0.04500463057312254,0.034999153978360786,-0.056250140517800924,1.2106556245856748,Ohm
AGateLine_1_5,0.04500539693886484,0.05300036133638254,-0.0562496004528839,0.045004521896922695,0.13799935952884534,-0.05625026576027957,59.509882274072005,Ohm
AGateLine_1_6,0.04500539693886484,0.05300036133638254,-0.0562496004528839,0.04500620810488321,0.1920003042236025,-0.05625119837104727,1776.7708628833025,Ohm
AGateLine_1_7,0.04500539693886484,0.05300036133638254,-0.0562496004528839,0.045003146228424475,0.15599999321309715,-0.05625099983919013,419.0707358042011,Ohm
AGateLine_1_8,0.04500539693886484,0.05300036133638254,-0.0562496004528839,0.045005743831646086,0.17399976673747072,-0.056250282747246236,1031.7146150711808,Ohm
AGateLine_2_3,0.04500578246934758,0.07100068308666102,-0.05624946134233979,0.04500583701870872,0.017000723640562786,-0.05625101253673064,46.66609632017197,Ohm
AGateLine_2_4,0.04500578246934758,0.07100068308666102,-0.05624946134233979,0.04500463057312254,0.034999153978360786,-0.056250140517800924,21.54401482548038,Ohm
AGateLine_2_5,0.04500578246934758,0.07100068308666102,-0.05624946134233979,0.045004521896922695,0.13799935952884534,-0.05625026576027957,6.041016821727806,Ohm
AGateLine_2_6,0.04500578246934758,0.07100068308666102,-0.05624946134233979,0.04500620810488321,0.1920003042236025,-0.05625119837104727,290.1903888070484,Ohm
AGateLine_2_7,0.04500578246934758,0.07100068308666102,-0.05624946134233979,0.045003146228424475,0.15599999321309715,-0.05625099983919013,60.12262215481764,Ohm
AGateLine_2_8,0.04500578246934758,0.07100068308666102,-0.05624946134233979,0.045005743831646086,0.17399976673747072,-0.056250282747246236,163.46978841266244,Ohm
AGateLine_3_4,0.04500583701870872,0.017000723640562786,-0.05625101253673064,0.04500463057312254,0.034999153978360786,-0.056250140517800924,1.1572501197984948,Ohm
AGateLine_3_5,0.04500583701870872,0.017000723640562786,-0.05625101253673064,0.045004521896922695,0.13799935952884534,-0.05625026576027957,243.79284957080537,Ohm
AGateLine_3_6,0.04500583701870872,0.017000723640562786,-0.05625101253673064,0.04500620810488321,0.1920003042236025,-0.05625119837104727,6136.8492215340675,Ohm
AGateLine_3_7,0.04500583701870872,0.017000723640562786,-0.05625101253673064,0.045003146228424475,0.15599999321309715,-0.05625099983919013,1505.1215062862334,Ohm
AGateLine_3_8,0.04500583701870872,0.017000723640562786,-0.05625101253673064,0.045005743831646086,0.17399976673747072,-0.056250282747246236,3594.3133357201336,Ohm
AGateLine_4_5,0.04500463057312254,0.034999153978360786,-0.056250140517800924,0.045004521896922695,0.13799935952884534,-0.05625026576027957,156.137270913735,Ohm
AGateLine_4_6,0.04500463057312254,0.034999153978360786,-0.056250140517800924,0.04500620810488321,0.1920003042236025,-0.05625119837104727,4083.9596066302465,Ohm
AGateLine_4_7,0.04500463057312254,0.034999153978360786,-0.056250140517800924,0.045003146228424475,0.15599999321309715,-0.05625099983919013,993.2761079672191,Ohm
AGateLine_4_8,0.04500463057312254,0.034999153978360786,-0.056250140517800924,0.045005743831646086,0.17399976673747072,-0.056250282747246236,2387.5845861577523,Ohm
AGateLine_5_6,0.045004521896922695,0.13799935952884534,-0.05625026576027957,0.04500620810488321,0.1920003042236025,-0.05625119837104727,54.86708462926152,Ohm
AGateLine_5_7,0.045004521896922695,0.13799935952884534,-0.05625026576027957,0.045003146228424475,0.15599999321309715,-0.05625099983919013,1.1766689927325642,Ohm
AGateLine_5_8,0.045004521896922695,0.13799935952884534,-0.05625026576027957,0.045005743831646086,0.17399976673747072,-0.056250282747246236,22.183827229265763,Ohm
AGateLine_6_7,0.04500620810488321,0.1920003042236025,-0.05625119837104727,0.045003146228424475,0.15599999321309715,-0.05625099983919013,22.753449785296738,Ohm
AGateLine_6_8,0.04500620810488321,0.1920003042236025,-0.05625119837104727,0.045005743831646086,0.17399976673747072,-0.056250282747246236,1.1750584389250536,Ohm
AGateLine_7_8,0.045003146228424475,0.15599999321309715,-0.05625099983919013,0.045005743831646086,0.17399976673747072,-0.056250282747246236,1.2173471910587248,Ohm
AMetalInt,0.04500000000000001,0.24700000000000003,-0.018749999999999996,0.04500001881580712,0.2839831714028457,-0.018750218448038064,5.977000276016653,Ohm
AViaInt,0.04500116713352008,0.23199999999999998,-0.01873717732405462,0.04500000000000001,0.24700000000000003,-0.018749999999999996,2.65021311053987,Ohm
BGateLine_0_1,0.09000000000000001,0.23199999999999998,-0.018737177324054614,0.09000000000000001,0.05299956929290865,-0.05625024697591328,4778.997178823859,Ohm
BGateLine_0_2,0.09000000000000001,0.23199999999999998,-0.018737177324054614,0.09000000000000001,0.07099988231319623,-0.056249953865977434,784.2819925424772,Ohm
BGateLine_0_3,0.09000000000000001,0.23199999999999998,-0.018737177324054614,0.08999999999999996,0.01700101260402422,-0.056250408864101174,16380.290586019983,Ohm
BGateLine_0_4,0.09000000000000001,0.23199999999999998,-0.018737177324054614,0.09000000000000002,0.0350001983843831,-0.05625020269622892,10930.015276152832,Ohm
BGateLine_0_5,0.09000000000000001,0.23199999999999998,-0.018737177324054614,0.09000000000000008,0.1919997911705639,-0.05625059246160855,7.125417753601677,Ohm
BGateLine_0_6,0.09000000000000001,0.23199999999999998,-0.018737177324054614,0.08999999999999997,0.13800063575616986,-0.0562498767992845,164.26737946987552,Ohm
BGateLine_0_7,0.09000000000000001,0.23199999999999998,-0.018737177324054614,0.09000000000000001,0.15600038909181105,-0.05625039799731088,101.22110559071656,Ohm
BGateLine_0_8,0.09000000000000001,0.23199999999999998,-0.018737177324054614,0.08999999999999997,0.17399927976963955,-0.056250934131458555,42.922386819204256,Ohm
BGateLine_1_2,0.09000000000000001,0.05299956929290865,-0.05625024697591328,0.09000000000000001,0.07099988231319623,-0.056249953865977434,1.1672534735171354,Ohm
BGateLine_1_3,0.09000000000000001,0.05299956929290865,-0.05625024697591328,0.08999999999999996,0.01700101260402422,-0.056250408864101174,20.500734598554676,Ohm
BGateLine_1_4,0.09000000000000001,0.05299956929290865,-0.05625024697591328,0.09000000000000002,0.0350001983843831,-0.05625020269622892,1.2059712945337464,Ohm
BGateLine_1_5,0.09000000000000001,0.05299956929290865,-0.05625024697591328,0.09000000000000008,0.1919997911705639,-0.05625059246160855,1774.2242180275568,Ohm
BGateLine_1_6,0.09000000000000001,0.05299956929290865,-0.05625024697591328,0.08999999999999997,0.13800063575616986,-0.0562498767992845,59.80911783882623,Ohm
BGateLine_1_7,0.09000000000000001,0.05299956929290865,-0.05625024697591328,0.09000000000000001,0.15600038909181105,-0.05625039799731088,421.2670252984156,Ohm
BGateLine_1_8,0.09000000000000001,0.05299956929290865,-0.05625024697591328,0.08999999999999997,0.17399927976963955,-0.056250934131458555,1033.8416318072182,Ohm
BGateLine_2_3,0.09000000000000001,0.07099988231319623,-0.056249953865977434,0.08999999999999996,0.01700101260402422,-0.056250408864101174,46.64830615453848,Ohm
BGateLine_2_4,0.09000000000000001,0.07099988231319623,-0.056249953865977434,0.09000000000000002,0.0350001983843831,-0.05625020269622892,21.81693744609782,Ohm
BGateLine_2_5,0.09000000000000001,0.07099988231319623,-0.056249953865977434,0.09000000000000008,0.1919997911705639,-0.05625059246160855,288.9595474333788,Ohm
BGateLine_2_6,0.09000000000000001,0.07099988231319623,-0.056249953865977434,0.08999999999999997,0.13800063575616986,-0.0562498767992845,6.036886204221975,Ohm
BGateLine_2_7,0.09000000000000001,0.07099988231319623,-0.056249953865977434,0.09000000000000001,0.15600038909181105,-0.05625039799731088,60.36783452984389,Ohm
BGateLine_2_8,0.09000000000000001,0.07099988231319623,-0.056249953865977434,0.08999999999999997,0.17399927976963955,-0.056250934131458555,163.44698241557882,Ohm
BGateLine_3_4,0.08999999999999996,0.01700101260402422,-0.056250408864101174,0.09000000000000002,0.0350001983843831,-0.05625020269622892,1.1534574676129175,Ohm
BGateLine_3_5,0.08999999999999996,0.01700101260402422,-0.056250408864101174,0.09000000000000008,0.1919997911705639,-0.05625059246160855,6093.87137020713,Ohm
BGateLine_3_6,0.08999999999999996,0.01700101260402422,-0.056250408864101174,0.08999999999999997,0.13800063575616986,-0.0562498767992845,242.7887665013046,Ohm
BGateLine_3_7,0.08999999999999996,0.01700101260402422,-0.056250408864101174,0.09000000000000001,0.15600038909181105,-0.05625039799731088,1502.278601745875,Ohm
BGateLine_3_8,0.08999999999999996,0.01700101260402422,-0.056250408864101174,0.08999999999999997,0.17399927976963955,-0.056250934131458555,3580.242238873212,Ohm
BGateLine_4_5,0.09000000000000002,0.0350001983843831,-0.05625020269622892,0.09000000000000008,0.1919997911705639,-0.05625059246160855,4064.472376907556,Ohm
BGateLine_4_6,0.09000000000000002,0.0350001983843831,-0.05625020269622892,0.08999999999999997,0.13800063575616986,-0.0562498767992845,156.03179432598236,Ohm
BGateLine_4_7,0.09000000000000002,0.0350001983843831,-0.05625020269622892,0.09000000000000001,0.15600038909181105,-0.05625039799731088,994.034028501419,Ohm
BGateLine_4_8,0.09000000000000002,0.0350001983843831,-0.05625020269622892,0.08999999999999997,0.17399927976963955,-0.056250934131458555,2383.8190270629293,Ohm
BGateLine_5_6,0.09000000000000008,0.1919997911705639,-0.05625059246160855,0.08999999999999997,0.13800063575616986,-0.0562498767992845,54.89897047072625,Ohm
BGateLine_5_7,0.09000000000000008,0.1919997911705639,-0.05625059246160855,0.09000000000000001,0.15600038909181105,-0.05625039799731088,22.96372013891662,Ohm
BGateLine_5_8,0.09000000000000008,0.1919997911705639,-0.05625059246160855,0.08999999999999997,0.17399927976963955,-0.056250934131458555,1.170039703941039,Ohm
BGateLine_6_7,0.08999999999999997,0.13800063575616986,-0.0562498767992845,0.09000000000000001,0.15600038909181105,-0.05625039799731088,1.1736211678574089,Ohm
BGateLine_6_8,0.08999999999999997,0.13800063575616986,-0.0562498767992845,0.08999999999999997,0.17399927976963955,-0.056250934131458555,22.431110520028223,Ohm
BGateLine_7_8,0.09000000000000001,0.15600038909181105,-0.05625039799731088,0.08999999999999997,0.17399927976963955,-0.056250934131458555,1.213338063962661,Ohm
BMetalInt,0.09000000000000014,0.247,-0.018750000000000083,0.09000025940258433,0.2839769772181715,-0.018749958342831906,5.9787045763413245,Ohm
BViaInt,0.09000000000000001,0.23199999999999998,-0.018737177324054614,0.09000000000000014,0.247,-0.018750000000000083,2.6516726337475007,Ohm
NMosFinEpiBlock2_0_1,0.05849999999999997,0.016999999999999984,-0.05625000000000003,0.05849999999999998,0.07099999999999997,-0.05625000000000001,5765.529850009649,Ohm
NMosFinEpiBlock2_0_2,0.05849999999999997,0.016999999999999984,-0.05625000000000003,0.07650000000000001,0.07099999307316844,-0.05625,5682.652499543755,Ohm
NMosFinEpiBlock2_0_3,0.05849999999999997,0.016999999999999984,-0.05625000000000003,0.07649999999999998,0.016999999999999987,-0.05625,202.39594486159044,Ohm
NMosFinEpiBlock2_0_4,0.05849999999999997,0.016999999999999984,-0.05625000000000003,0.058500000000000045,0.03499999999999999,-0.05625000000000002,421.82316729353033,Ohm
NMosFinEpiBlock2_0_5,0.05849999999999997,0.016999999999999984,-0.05625000000000003,0.07650000000000001,0.03499999999999999,-0.05625,533.9445394478906,Ohm
NMosFinEpiBlock2_0_6,0.05849999999999997,0.016999999999999984,-0.05625000000000003,0.05850000000000004,0.052999999999999985,-0.056249492227561725,1807.776223294412,Ohm
NMosFinEpiBlock2_0_7,0.05849999999999997,0.016999999999999984,-0.05625000000000003,0.07649999999999997,0.052999999999999964,-0.056249492227561725,1793.666758035334,Ohm
NMosFinEpiBlock2_1_2,0.05849999999999998,0.07099999999999997,-0.05625000000000001,0.07650000000000001,0.07099999307316844,-0.05625,191.7932586199689,Ohm
NMosFinEpiBlock2_1_3,0.05849999999999998,0.07099999999999997,-0.05625000000000001,0.07649999999999998,0.016999999999999987,-0.05625,5702.246067155041,Ohm
NMosFinEpiBlock2_1_4,0.05849999999999998,0.07099999999999997,-0.05625000000000001,0.058500000000000045,0.03499999999999999,-0.05625000000000002,2198.7532654969964,Ohm
NMosFinEpiBlock2_1_5,0.05849999999999998,0.07099999999999997,-0.05625000000000001,0.07650000000000001,0.03499999999999999,-0.05625,2214.3409451974744,Ohm
NMosFinEpiBlock2_1_6,0.05849999999999998,0.07099999999999997,-0.05625000000000001,0.05850000000000004,0.052999999999999985,-0.056249492227561725,455.8557147179438,Ohm
NMosFinEpiBlock2_1_7,0.05849999999999998,0.07099999999999997,-0.05625000000000001,0.07649999999999997,0.052999999999999964,-0.056249492227561725,585.2435874276316,Ohm
NMosFinEpiBlock2_2_3,0.07650000000000001,0.07099999307316844,-0.05625,0.07649999999999998,0.016999999999999987,-0.05625,5607.115886377078,Ohm
NMosFinEpiBlock2_2_4,0.07650000000000001,0.07099999307316844,-0.05625,0.058500000000000045,0.03499999999999999,-0.05625000000000002,2206.83557362575,Ohm
NMosFinEpiBlock2_2_5,0.07650000000000001,0.07099999307316844,-0.05625,0.07650000000000001,0.03499999999999999,-0.05625,2142.2526274706906,Ohm
NMosFinEpiBlock2_2_6,0.07650000000000001,0.07099999307316844,-0.05625,0.05850000000000004,0.052999999999999985,-0.056249492227561725,588.4179189586624,Ohm
NMosFinEpiBlock2_2_7,0.07650000000000001,0.07099999307316844,-0.05625,0.07649999999999997,0.052999999999999964,-0.056249492227561725,437.38817254321486,Ohm
NMosFinEpiBlock2_3_4,0.07649999999999998,0.016999999999999987,-0.05625,0.058500000000000045,0.03499999999999999,-0.05625000000000002,534.7618163349166,Ohm
NMosFinEpiBlock2_3_5,0.07649999999999998,0.016999999999999987,-0.05625,0.07650000000000001,0.03499999999999999,-0.05625,410.907108346209,Ohm
NMosFinEpiBlock2_3_6,0.07649999999999998,0.016999999999999987,-0.05625,0.05850000000000004,0.052999999999999985,-0.056249492227561725,1813.0303772581394,Ohm
NMosFinEpiBlock2_3_7,0.07649999999999998,0.016999999999999987,-0.05625,0.07649999999999997,0.052999999999999964,-0.056249492227561725,1748.0916404288523,Ohm
NMosFinEpiBlock2_4_5,0.058500000000000045,0.03499999999999999,-0.05625000000000002,0.07650000000000001,0.03499999999999999,-0.05625,299.23942631460494,Ohm
NMosFinEpiBlock2_4_6,0.058500000000000045,0.03499999999999999,-0.05625000000000002,0.05850000000000004,0.052999999999999985,-0.056249492227561725,486.061124351869,Ohm
NMosFinEpiBlock2_4_7,0.058500000000000045,0.03499999999999999,-0.05625000000000002,0.07649999999999997,0.052999999999999964,-0.056249492227561725,630.6588789993456,Ohm
NMosFinEpiBlock2_5_6,0.07650000000000001,0.03499999999999999,-0.05625,0.05850000000000004,0.052999999999999985,-0.056249492227561725,637.0956409774917,Ohm
NMosFinEpiBlock2_5_7,0.07650000000000001,0.03499999999999999,-0.05625,0.07649999999999997,0.052999999999999964,-0.056249492227561725,467.67367647893883,Ohm
NMosFinEpiBlock2_6_7,0.05850000000000004,0.052999999999999985,-0.056249492227561725,0.07649999999999997,0.052999999999999964,-0.056249492227561725,296.0481025955885,Ohm
VDDMetal0Top0_0_1,0.03149999999999999,0.13800000000000012,-0.056250000000000064,0.03150000000000001,0.1920000000000001,-0.05625000000000002,3869.5299809721764,Ohm
VDDMetal0Top0_0_2,0.03149999999999999,0.13800000000000012,-0.056250000000000064,0.03150000000000002,0.15600000000000008,-0.05625,433.58638968579424,Ohm
VDDMetal0Top0_0_3,0.03149999999999999,0.13800000000000012,-0.056250000000000064,0.03149999999999998,0.1740000000000001,-0.05624949222756171,1262.3728804110042,Ohm
VDDMetal0Top0_0_4,0.03149999999999999,0.13800000000000012,-0.056250000000000064,0.022499999999999996,0.10100000000000002,-0.11000000000000001,1045.5927002178983,Ohm
VDDMetal0Top0_1_2,0.03150000000000001,0.1920000000000001,-0.05625000000000002,0.03150000000000002,0.15600000000000008,-0.05625,2368.328685403422,Ohm
VDDMetal0Top0_1_3,0.03150000000000001,0.1920000000000001,-0.05625000000000002,0.03149999999999998,0.1740000000000001,-0.05624949222756171,813.7331467136974,Ohm
VDDMetal0Top0_1_4,0.03150000000000001,0.1920000000000001,-0.05625000000000002,0.022499999999999996,0.10100000000000002,-0.11000000000000001,180.27942526093548,Ohm
VDDMetal0Top0_2_3,0.03150000000000002,0.15600000000000008,-0.05625,0.03149999999999998,0.1740000000000001,-0.05624949222756171,607.003129660583,Ohm
VDDMetal0Top0_2_4,0.03150000000000002,0.15600000000000008,-0.05625,0.022499999999999996,0.10100000000000002,-0.11000000000000001,680.5464953524205,Ohm
VDDMetal0Top0_3_4,0.03149999999999998,0.1740000000000001,-0.05624949222756171,0.022499999999999996,0.10100000000000002,-0.11000000000000001,376.84782095652855,Ohm
VDDMetal0Top1_0_1,0.10350000000000005,0.192,-0.05624999999999998,0.1215,0.19200000000000006,-0.05625000000000002,819.2924844737745,Ohm
VDDMetal0Top1_0_2,0.10350000000000005,0.192,-0.05624999999999998,0.10350000000000008,0.13800000000000004,-0.056250000000000015,16482.643701597553,Ohm
VDDMetal0Top1_0_3,0.10350000000000005,0.192,-0.05624999999999998,0.12149999999999996,0.1380000000000001,-0.05625000000000006,16302.329257431978,Ohm
VDDMetal0Top1_0_4,0.10350000000000005,0.192,-0.05624999999999998,0.10350000000000009,0.15600000000000008,-0.05625000000000001,6147.385959455106,Ohm
VDDMetal0Top1_0_5,0.10350000000000005,0.192,-0.05624999999999998,0.12150000000000007,0.15600000000000008,-0.05625000000000001,6282.131028900328,Ohm
VDDMetal0Top1_0_6,0.10350000000000005,0.192,-0.05624999999999998,0.10350000000000002,0.17400000000000007,-0.05624949222756172,1160.0286317385235,Ohm
VDDMetal0Top1_0_7,0.10350000000000005,0.192,-0.05624999999999998,0.12149999999999998,0.17400000000000007,-0.05624949222756171,1681.6188113076475,Ohm
VDDMetal0Top1_0_8,0.10350000000000005,0.192,-0.05624999999999998,0.1125,0.10100000000000002,-0.10974545454545458,226.9742893527422,Ohm
VDDMetal0Top1_1_2,0.1215,0.19200000000000006,-0.05625000000000002,0.10350000000000008,0.13800000000000004,-0.056250000000000015,16360.959569771667,Ohm
VDDMetal0Top1_1_3,0.1215,0.19200000000000006,-0.05625000000000002,0.12149999999999996,0.1380000000000001,-0.05625000000000006,16133.634760631525,Ohm
VDDMetal0Top1_1_4,0.1215,0.19200000000000006,-0.05625000000000002,0.10350000000000009,0.15600000000000008,-0.05625000000000001,6247.205967003866,Ohm
VDDMetal0Top1_1_5,0.1215,0.19200000000000006,-0.05625000000000002,0.12150000000000007,0.15600000000000008,-0.05625000000000001,6071.124706944411,Ohm
VDDMetal0Top1_1_6,0.1215,0.19200000000000006,-0.05625000000000002,0.10350000000000002,0.17400000000000007,-0.05624949222756172,1666.7334162723985,Ohm
VDDMetal0Top1_1_7,0.1215,0.19200000000000006,-0.05625000000000002,0.12149999999999998,0.17400000000000007,-0.05624949222756171,1138.9567933321475,Ohm
VDDMetal0Top1_1_8,0.1215,0.19200000000000006,-0.05625000000000002,0.1125,0.10100000000000002,-0.10974545454545458,224.32909950945054,Ohm
VDDMetal0Top1_2_3,0.10350000000000008,0.13800000000000004,-0.056250000000000015,0.12149999999999996,0.1380000000000001,-0.05625000000000006,388.75472439049275,Ohm
VDDMetal0Top1_2_4,0.10350000000000008,0.13800000000000004,-0.056250000000000015,0.10350000000000009,0.15600000000000008,-0.05625000000000001,799.7482593411775,Ohm
VDDMetal0Top1_2_5,0.10350000000000008,0.13800000000000004,-0.056250000000000015,0.12150000000000007,0.15600000000000008,-0.05625000000000001,1014.8350015598511,Ohm
VDDMetal0Top1_2_6,0.10350000000000008,0.13800000000000004,-0.056250000000000015,0.10350000000000002,0.17400000000000007,-0.05624949222756172,3867.5925423797726,Ohm
VDDMetal0Top1_2_7,0.10350000000000008,0.13800000000000004,-0.056250000000000015,0.12149999999999998,0.17400000000000007,-0.05624949222756171,3929.425666896192,Ohm
VDDMetal0Top1_2_8,0.10350000000000008,0.13800000000000004,-0.056250000000000015,0.1125,0.10100000000000002,-0.10974545454545458,4054.377712739577,Ohm
VDDMetal0Top1_3_4,0.12149999999999996,0.1380000000000001,-0.05625000000000006,0.10350000000000009,0.15600000000000008,-0.05625000000000001,1007.634095979318,Ohm
VDDMetal0Top1_3_5,0.12149999999999996,0.1380000000000001,-0.05625000000000006,0.12150000000000007,0.15600000000000008,-0.05625000000000001,785.5745940600701,Ohm
VDDMetal0Top1_3_6,0.12149999999999996,0.1380000000000001,-0.05625000000000006,0.10350000000000002,0.17400000000000007,-0.05624949222756172,3882.7718450672824,Ohm
VDDMetal0Top1_3_7,0.12149999999999996,0.1380000000000001,-0.05625000000000006,0.12149999999999998,0.17400000000000007,-0.05624949222756171,3820.298301937102,Ohm
VDDMetal0Top1_3_8,0.12149999999999996,0.1380000000000001,-0.05625000000000006,0.1125,0.10100000000000002,-0.10974545454545458,4004.301616117384,Ohm
VDDMetal0Top1_4_5,0.10350000000000009,0.15600000000000008,-0.05625000000000001,0.12150000000000007,0.15600000000000008,-0.05625000000000001,567.5720993102194,Ohm
VDDMetal0Top1_4_6,0.10350000000000009,0.15600000000000008,-0.05625000000000001,0.10350000000000002,0.17400000000000007,-0.05624949222756172,985.5407908245807,Ohm
VDDMetal0Top1_4_7,0.10350000000000009,0.15600000000000008,-0.05625000000000001,0.12149999999999998,0.17400000000000007,-0.05624949222756171,1336.756113014421,Ohm
VDDMetal0Top1_4_8,0.10350000000000009,0.15600000000000008,-0.05625000000000001,0.1125,0.10100000000000002,-0.10974545454545458,1766.745466988977,Ohm
VDDMetal0Top1_5_6,0.12150000000000007,0.15600000000000008,-0.05625000000000001,0.10350000000000002,0.17400000000000007,-0.05624949222756172,1332.3221451333761,Ohm
VDDMetal0Top1_5_7,0.12150000000000007,0.15600000000000008,-0.05625000000000001,0.12149999999999998,0.17400000000000007,-0.05624949222756171,983.6147352184113,Ohm
VDDMetal0Top1_5_8,0.12150000000000007,0.15600000000000008,-0.05625000000000001,0.1125,0.10100000000000002,-0.10974545454545458,1758.993564068497,Ohm
VDDMetal0Top1_6_7,0.10350000000000002,0.17400000000000007,-0.05624949222756172,0.12149999999999998,0.17400000000000007,-0.05624949222756171,639.4073689167407,Ohm
VDDMetal0Top1_6_8,0.10350000000000002,0.17400000000000007,-0.05624949222756172,0.1125,0.10100000000000002,-0.10974545454545458,678.5085777440496,Ohm
VDDMetal0Top1_7_8,0.12149999999999998,0.17400000000000007,-0.05624949222756171,0.1125,0.10100000000000002,-0.10974545454545458,677.450725018929,Ohm
VDDMetalBPRVia0,0.022499999999999996,-0.022999999999999996,-0.11000000000000001,0.022499999999999996,0.10100000000000002,-0.11000000000000001,13.994695558941496,Ohm
VDDMetalBPRVia1,0.11249999999999999,-0.023000000000000003,-0.10998607954545454,0.1125,0.10100000000000002,-0.10974545454545458,13.994695558940956,Ohm
VDDMetalBPR_0_1,0.022499999999999996,-0.022999999999999996,-0.11000000000000001,0.11249999999999999,-0.023000000000000003,-0.10998607954545454,4.765749632021021,Ohm
VDDMetalBPR_0_2,0.022499999999999996,-0.022999999999999996,-0.11000000000000001,0.0899978752136231,-0.07699708637972456,-0.11250210446417891,0.4459613309383963,Ohm
VDDMetalBPR_1_2,0.11249999999999999,-0.023000000000000003,-0.10998607954545454,0.0899978752136231,-0.07699708637972456,-0.11250210446417891,0.3424130535364852,Ohm
VSSMetal0Bottom_0_1,0.10350000000000001,0.071,-0.05625000000000004,0.12150000000000004,0.07099999999999995,-0.056250000000000015,381.9593292549348,Ohm
VSSMetal0Bottom_0_2,0.10350000000000001,0.071,-0.05625000000000004,0.10350000000000004,0.016999999999999994,-0.056250000000000036,7824.236573817644,Ohm
VSSMetal0Bottom_0_3,0.10350000000000001,0.071,-0.05625000000000004,0.12150000000000001,0.016999999999999987,-0.05625000000000002,7731.256779066838,Ohm
VSSMetal0Bottom_0_4,0.10350000000000001,0.071,-0.05625000000000004,0.10350000000000006,0.03499999999999999,-0.05625000000000001,2996.4339167070207,Ohm
VSSMetal0Bottom_0_5,0.10350000000000001,0.071,-0.05625000000000004,0.12150000000000005,0.03499999999999999,-0.05625000000000003,3042.501924008103,Ohm
VSSMetal0Bottom_0_6,0.10350000000000001,0.071,-0.05625000000000004,0.10350000000000001,0.052999999999999985,-0.05624949222756172,595.4539344358922,Ohm
VSSMetal0Bottom_0_7,0.10350000000000001,0.071,-0.05625000000000004,0.12150000000000001,0.052999999999999985,-0.05624949222756171,841.8841092068698,Ohm
VSSMetal0Bottom_0_8,0.10350000000000001,0.071,-0.05625000000000004,0.11250000000000002,-0.023000000000000003,-0.0025139204545454557,139.43240494796845,Ohm
VSSMetal0Bottom_1_2,0.12150000000000004,0.07099999999999995,-0.056250000000000015,0.10350000000000004,0.016999999999999994,-0.056250000000000036,7697.615316717196,Ohm
VSSMetal0Bottom_1_3,0.12150000000000004,0.07099999999999995,-0.056250000000000015,0.12150000000000001,0.016999999999999987,-0.05625000000000002,7586.670171575017,Ohm
VSSMetal0Bottom_1_4,0.12150000000000004,0.07099999999999995,-0.056250000000000015,0.10350000000000006,0.03499999999999999,-0.05625000000000001,3009.468248597359,Ohm
VSSMetal0Bottom_1_5,0.12150000000000004,0.07099999999999995,-0.056250000000000015,0.12150000000000005,0.03499999999999999,-0.05625000000000003,2925.09420158462,Ohm
VSSMetal0Bottom_1_6,0.12150000000000004,0.07099999999999995,-0.056250000000000015,0.10350000000000001,0.052999999999999985,-0.05624949222756172,825.876839251661,Ohm
VSSMetal0Bottom_1_7,0.12150000000000004,0.07099999999999995,-0.056250000000000015,0.12150000000000001,0.052999999999999985,-0.05624949222756171,582.3726604781954,Ohm
VSSMetal0Bottom_1_8,0.12150000000000004,0.07099999999999995,-0.056250000000000015,0.11250000000000002,-0.023000000000000003,-0.0025139204545454557,136.56258797072388,Ohm
VSSMetal0Bottom_2_3,0.10350000000000004,0.016999999999999994,-0.056250000000000036,0.12150000000000001,0.016999999999999987,-0.05625000000000002,203.44742416409014,Ohm
VSSMetal0Bottom_2_4,0.10350000000000004,0.016999999999999994,-0.056250000000000036,0.10350000000000006,0.03499999999999999,-0.05625000000000001,432.83941529219766,Ohm
VSSMetal0Bottom_2_5,0.10350000000000004,0.016999999999999994,-0.056250000000000036,0.12150000000000005,0.03499999999999999,-0.05625000000000003,558.3841829249304,Ohm
VSSMetal0Bottom_2_6,0.10350000000000004,0.016999999999999994,-0.056250000000000036,0.10350000000000001,0.052999999999999985,-0.05624949222756172,2204.413198171399,Ohm
VSSMetal0Bottom_2_7,0.10350000000000004,0.016999999999999994,-0.056250000000000036,0.12150000000000001,0.052999999999999985,-0.05624949222756171,2246.0744129583118,Ohm
VSSMetal0Bottom_2_8,0.10350000000000004,0.016999999999999994,-0.056250000000000036,0.11250000000000002,-0.023000000000000003,-0.0025139204545454557,1932.7317556667458,Ohm
VSSMetal0Bottom_3_4,0.12150000000000001,0.016999999999999987,-0.05625000000000002,0.10350000000000006,0.03499999999999999,-0.05625000000000001,553.9453790051606,Ohm
VSSMetal0Bottom_3_5,0.12150000000000001,0.016999999999999987,-0.05625000000000002,0.12150000000000005,0.03499999999999999,-0.05625000000000003,422.8950310456639,Ohm
VSSMetal0Bottom_3_6,0.12150000000000001,0.016999999999999987,-0.05625000000000002,0.10350000000000001,0.052999999999999985,-0.05624949222756172,2214.8526213243854,Ohm
VSSMetal0Bottom_3_7,0.12150000000000001,0.016999999999999987,-0.05625000000000002,0.12150000000000001,0.052999999999999985,-0.05624949222756171,2178.9009027568654,Ohm
VSSMetal0Bottom_3_8,0.12150000000000001,0.016999999999999987,-0.05625000000000002,0.11250000000000002,-0.023000000000000003,-0.0025139204545454557,1906.1125747175206,Ohm
VSSMetal0Bottom_4_5,0.10350000000000006,0.03499999999999999,-0.05625000000000001,0.12150000000000005,0.03499999999999999,-0.05625000000000003,313.1246269121901,Ohm
VSSMetal0Bottom_4_6,0.10350000000000006,0.03499999999999999,-0.05625000000000001,0.10350000000000001,0.052999999999999985,-0.05624949222756172,541.0808627054909,Ohm
VSSMetal0Bottom_4_7,0.10350000000000006,0.03499999999999999,-0.05625000000000001,0.12150000000000001,0.052999999999999985,-0.05624949222756171,745.7694010431715,Ohm
VSSMetal0Bottom_4_8,0.10350000000000006,0.03499999999999999,-0.05625000000000001,0.11250000000000002,-0.023000000000000003,-0.0025139204545454557,889.0027183810826,Ohm
VSSMetal0Bottom_5_6,0.12150000000000005,0.03499999999999999,-0.05625000000000003,0.10350000000000001,0.052999999999999985,-0.05624949222756172,740.0269617832871,Ohm
VSSMetal0Bottom_5_7,0.12150000000000005,0.03499999999999999,-0.05625000000000003,0.12150000000000001,0.052999999999999985,-0.05624949222756171,537.9129306288639,Ohm
VSSMetal0Bottom_5_8,0.12150000000000005,0.03499999999999999,-0.05625000000000003,0.11250000000000002,-0.023000000000000003,-0.0025139204545454557,882.9693326006427,Ohm
VSSMetal0Bottom_6_7,0.10350000000000001,0.052999999999999985,-0.05624949222756172,0.12150000000000001,0.052999999999999985,-0.05624949222756171,344.64326041915024,Ohm
VSSMetal0Bottom_6_8,0.10350000000000001,0.052999999999999985,-0.05624949222756172,0.11250000000000002,-0.023000000000000003,-0.0025139204545454557,389.7182948964715,Ohm
VSSMetal0Bottom_7_8,0.12150000000000001,0.052999999999999985,-0.05624949222756171,0.11250000000000002,-0.023000000000000003,-0.0025139204545454557,389.9840367639292,Ohm
VSSMetalBPR,0.11250000000000002,-0.023000000000000003,-0.0025139204545454557,0.08999999999999986,-0.07700635981552738,-3.888206697636548e-06,0.32479555094112367,Ohm
YMetal0Top_0_1,0.1485,0.07099999307316844,-0.05625000000000001,0.14850000000000008,0.016999999999999987,-0.05624999999999999,1471.3711182663337,Ohm
YMetal0Top_0_2,0.1485,0.07099999307316844,-0.05625000000000001,0.14850000000000008,0.03499999999999998,-0.05625000000000003,907.6913705950595,Ohm
YMetal0Top_0_3,0.1485,0.07099999307316844,-0.05625000000000001,0.14850000000000008,0.052999999999999964,-0.056249492227561704,337.13057164795794,Ohm
YMetal0Top_0_4,0.1485,0.07099999307316844,-0.05625000000000001,0.14850000000000002,0.192,-0.056250000000000015,10042.032296914464,Ohm
YMetal0Top_0_5,0.1485,0.07099999307316844,-0.05625000000000001,0.14850000000000005,0.1380000000000001,-0.05625000000000006,45618.48130969381,Ohm
YMetal0Top_0_6,0.1485,0.07099999307316844,-0.05625000000000001,0.14850000000000005,0.15600000000000003,-0.05625000000000002,29523.57757871739,Ohm
YMetal0Top_0_7,0.1485,0.07099999307316844,-0.05625000000000001,0.1485,0.17400000000000002,-0.056249492227561704,16945.06672424173,Ohm
YMetal0Top_0_8,0.1485,0.07099999307316844,-0.05625000000000001,0.1575,0.232,-0.01876893795237952,124.38770061996642,Ohm
YMetal0Top_1_2,0.14850000000000008,0.016999999999999987,-0.05624999999999999,0.14850000000000008,0.03499999999999998,-0.05625000000000003,221.60476746913983,Ohm
YMetal0Top_1_3,0.14850000000000008,0.016999999999999987,-0.05624999999999999,0.14850000000000008,0.052999999999999964,-0.056249492227561704,646.68865299919,Ohm
YMetal0Top_1_4,0.14850000000000008,0.016999999999999987,-0.05624999999999999,0.14850000000000002,0.192,-0.056250000000000015,53456.78511159099,Ohm
YMetal0Top_1_5,0.14850000000000008,0.016999999999999987,-0.05624999999999999,0.14850000000000005,0.1380000000000001,-0.05625000000000006,242840.9264205832,Ohm
YMetal0Top_1_6,0.14850000000000008,0.016999999999999987,-0.05624999999999999,0.14850000000000005,0.15600000000000003,-0.05625000000000002,157162.90425118967,Ohm
YMetal0Top_1_7,0.14850000000000008,0.016999999999999987,-0.05624999999999999,0.1485,0.17400000000000002,-0.056249492227561704,90203.70383113116,Ohm
YMetal0Top_1_8,0.14850000000000008,0.016999999999999987,-0.05624999999999999,0.1575,0.232,-0.01876893795237952,662.1528747089508,Ohm
YMetal0Top_2_3,0.14850000000000008,0.03499999999999998,-0.05625000000000003,0.14850000000000008,0.052999999999999964,-0.056249492227561704,298.9247326108565,Ohm
YMetal0Top_2_4,0.14850000000000008,0.03499999999999998,-0.05625000000000003,0.14850000000000002,0.192,-0.056250000000000015,35168.47379470639,Ohm
YMetal0Top_2_5,0.14850000000000008,0.03499999999999998,-0.05625000000000003,0.14850000000000005,0.1380000000000001,-0.05625000000000006,159761.73027506826,Ohm
YMetal0Top_2_6,0.14850000000000008,0.03499999999999998,-0.05625000000000003,0.14850000000000005,0.15600000000000003,-0.05625000000000002,103395.32767960246,Ohm
YMetal0Top_2_7,0.14850000000000008,0.03499999999999998,-0.05625000000000003,0.1485,0.17400000000000002,-0.056249492227561704,59343.7802386432,Ohm
YMetal0Top_2_8,0.14850000000000008,0.03499999999999998,-0.05625000000000003,0.1575,0.232,-0.01876893795237952,435.62146191082354,Ohm
YMetal0Top_3_4,0.14850000000000008,0.052999999999999964,-0.056249492227561704,0.14850000000000002,0.192,-0.056250000000000015,20252.70894682748,Ohm
YMetal0Top_3_5,0.14850000000000008,0.052999999999999964,-0.056249492227561704,0.14850000000000005,0.1380000000000001,-0.05625000000000006,92003.07720371602,Ohm
YMetal0Top_3_6,0.14850000000000008,0.052999999999999964,-0.056249492227561704,0.14850000000000005,0.15600000000000003,-0.05625000000000002,59542.9725477442,Ohm
YMetal0Top_3_7,0.14850000000000008,0.052999999999999964,-0.056249492227561704,0.1485,0.17400000000000002,-0.056249492227561704,34174.707560587354,Ohm
YMetal0Top_3_8,0.14850000000000008,0.052999999999999964,-0.056249492227561704,0.1575,0.232,-0.01876893795237952,250.8643221258637,Ohm
YMetal0Top_4_5,0.14850000000000002,0.192,-0.056250000000000015,0.14850000000000005,0.1380000000000001,-0.05625000000000006,4734.44873285217,Ohm
YMetal0Top_4_6,0.14850000000000002,0.192,-0.056250000000000015,0.14850000000000005,0.15600000000000003,-0.05625000000000002,2779.5207465721282,Ohm
YMetal0Top_4_7,0.14850000000000002,0.192,-0.056250000000000015,0.1485,0.17400000000000002,-0.056249492227561704,843.5320349493694,Ohm
YMetal0Top_4_8,0.14850000000000002,0.192,-0.056250000000000015,0.1575,0.232,-0.01876893795237952,161.6679825096897,Ohm
YMetal0Top_5_6,0.14850000000000005,0.1380000000000001,-0.05625000000000006,0.14850000000000005,0.15600000000000003,-0.05625000000000002,401.5824084977351,Ohm
YMetal0Top_5_7,0.14850000000000005,0.1380000000000001,-0.05625000000000006,0.1485,0.17400000000000002,-0.056249492227561704,1230.4464833511481,Ohm
YMetal0Top_5_8,0.14850000000000005,0.1380000000000001,-0.05625000000000006,0.1575,0.232,-0.01876893795237952,1013.4837623290949,Ohm
YMetal0Top_6_7,0.14850000000000005,0.15600000000000003,-0.05625000000000002,0.1485,0.17400000000000002,-0.056249492227561704,562.0908487961219,Ohm
YMetal0Top_6_8,0.14850000000000005,0.15600000000000003,-0.05625000000000002,0.1575,0.232,-0.01876893795237952,646.7650025713293,Ohm
YMetal0Top_7_8,0.1485,0.17400000000000002,-0.056249492227561704,0.1575,0.232,-0.01876893795237952,346.8085727008022,Ohm
YMetalInt,0.15750000000000025,0.2469999999999999,-0.018742549624688316,0.15749995337333061,0.2839636321676922,-0.01875010961491011,5.191668810282178,Ohm
YViaInt,0.1575,0.232,-0.01876893795237952,0.15750000000000025,0.2469999999999999,-0.018742549624688316,2.209559869858749,Ohm
